content,adjectives,polarity
"Saya makan di sini dengan menggunakan voucher disdus . Paket nasi ayam kari , dengan diskon hingga 30 persen . Akibatnya para pengunjung mengantri untuk meredeem voucher . Cilakanya cek voucher masih dilakukan secara manual . Tidak ada masalah untuk makanannya , hanya saja antrian terlalu lama . Voucher sendiri sudah dibeli jadi mau tidak mau para pengunjung mengantri","[u'manual', u'antrian', u'lama', u'sendiri', u'jadi']",negative
"Dikarenakan adik saya suka dengan restoran ini , saya akhirnya mampir ke sini . Dari awal sih saya langsung tidak sreg sih . Makanan yang disediakan terlihat seperti yang tidak terlalu membangkitkan selera . Berbeda dengan restoran shabu yang biasa saya kunjungi . Dan setelah saya memilih dan mulai memasaknya , ternyata benar , rasanya pun tak masuk di lidah . Akhirnya banyak makanan yang tidak dimakan . Oiya, . Lanjutan","[u'awal', u'langsung', u'sreg', u'Berbeda', u'biasa', u'benar', u'banyak']",negative
"Biasa-iasa saja g ada yang special , ayam gorengnya terlalu berminyak , makanan semua dingin cuma nasi nya yang panas , Harganya normal .","[u'Biasa', u'special', u'dingin', u'panas', u'normal']",negative
"Beberapa kali saya coba makan malam disini . Pelayanannya sangat buruk , kurang responsif kepada pengunjung . Terakhir saya datang , saya haru mendatangi kasir untuk meminta menu . Terakhir saya coba makan pempek disini , tidak seperti dari asalnya , rasanya kurang enak dan tidak disediakan sambal . Sangat tidak memuaskan","[u'coba', u'buruk', u'responsif', u'Terakhir', u'Terakhir', u'coba']",negative
"Banyak pilihan makanan yang ada disini . Tempatnya pun bersih . Sangat disayangkan pelayanannya kurang baik . Pesan tahu gejrot saja lama sekali , ternyata pelayannya lupa .","[u'Banyak', u'bersih', u'baik', u'lama']",negative
"The Kiosk Braga salah satu alternatif tempat makan siang bagi saya dan rekan kerja saya , sebelum direnovasi menjadi konsep the lost ( sensasi makan di dalam gua) , the kiosk cukup recommended , namun akhir akhir ini , pelayanannya sangat buruk , sering lama , bahkan bisa hampir satu jam , pesan makanan jam 12.05 , datangnya 12.55 , untuk harga sich standarlah , tidak bisa dibilang murah juga karena . Lanjutan","[u'salah', u'cukup', u'recommended', u'akhir', u'akhir', u'buruk', u'sering', u'lama', u'murah']",negative
"Berbekal referensi dari internet , kami penggemar steak ingin mencari alternatif tempat yang belum kami datangi , salah satunya abuba.Kami pesan Tenderlorin dan T bone dengan pembakaran cukup matang.Sesudah menunggu lama , karena resto sedang penuh di akhir pekan.Pesanan kami jauh dari yang kami bayangkan , Steak yang gosong dan keras , dan satu lagi steak masih merah cenderung mentah , dengan penyajian asal-asal an , steaknya . Lanjutan","[u'salah', u'cukup', u'lama', u'penuh', u'akhir', u'jauh', u'keras', u'cenderung', u'mentah']",negative
"Saya adalah penggemar steak namun ketika saya makan di abuba , ternyata rasanya jauh dari yang pernah dibayangkan bahkan sauce - nya sangat tidak enak seperti sauce ABC biasa ( katanya barbeque ) kemudian tidak ada lagi pilihan sauce yang lain.!! ! Tak mau lagi kesini","[u'jauh', u'nya', u'biasa', u'lain.!']",negative
"Yang ada cuma kebun selada ajah , sudah diganti selada . Pas datang lumayan sepi . Masih lebih baik di rumah stroberi kalau now watching ketik stroberi .","[u'lumayan', u'baik']",negative
"Bersama keluarga serta anak singgah disini untuk berlibur & memetik strawberry , ternyata tidak sesuai harapan , buah idaman anak - anak ternyata tidak ada yang masak setelah kami menebus tiket dengan harga yang cukup mahal . Kecewa dan merasa tertipu , padahal kasir mengatakan buah strawberry ada dibagian atas , lelah mendaki dan hasilnya nol , hanya mendapat lelah . Jika kalian kesini lihat dari samping pintu masuk, . Lanjutan","[u'cukup', u'lelah', u'lelah']",negative
"Saya datang bersama keluarga tanggal 5 nopember 2015 . Hari Kamis siang, , suasana agak sepi termasuk penjaga atau pelayan nya pun tidak ada ditempat, , kami memesan makanan setelah berteriak mencari pelayannya,,makanannya sangat - sangat standar, , padahal disini termasuk rekomendasi dari tripadvisor . Suasana restonya juga kotor sekali terlihat dari sarang laba-laba di tempat lampu, , meja yang berdebu, , sayang sekali tempat besar tapi tidak dikelola . Lanjutan",[u'besar'],negative
"Untuk rasa biasa saja tidak membuat saya terkesan , dengan harga eerb untuk mie ayam dan segelas lemon tea katanya tapi yang disajikan bukan lemon tea bahkan jeruk nipis tea dengan ukuran gelas kecil terasa kurang menggigit dilidah , untuk pelayan perlu dilatih untuk melayani customer dengan sepenuh hati bukan lips service saja","[u'biasa', u'kecil']",negative
"Kopitiam Oey Braga , kopitiam ini menyediakan berbagai macam makanan , terutama makanan lokal/tradisional , penataan ruangan nya ala nyonya Belanda/Peranakan !",[u'terutama'],negative
"Nampak dari Luar , XO - suki nampak seperti resto yang berkelas . namun saat memilih makanan ( shabu2) , mulai nampak nampan yang digunakan sudah kotor dan banyak yang pecah . saat mangkok sumpit dan sendok dibagikan , kita wajib memeriksa satu persatu . mulai jelas resto ini mencuci peralatan makan'nya sangat asal-asalan . bekas makanan masih menempel basah dan warna sumpit yang sudah kotor tidak diperhatikan.! ! maka ,. Lanjutan","[u'Luar', u'banyak', u'jelas']",negative
"Makanan ok sama seperti xo suki lainnya . Tp walaupun hari libur besar seperti lebaran ini bukan berarti senyumnya libur dan order minum , dan lain-lain harus order berkali - kali . Tlg di jaga kepuasan pelanggannya . Trims .","[u'sama', u'besar', u'lain', u'lain']",negative
"Rasa bumbu nasi gorengnya tidak se-enak dulu lagi , terkesan hambar dan lebih asin . Perlu ada quality control rasa agar kualitas tetap terjaga .","[u'asin', u'tetap', u'terjaga']",negative
"Sudah makan disini kemarin , pesan menu beef steak . Dari lokasi , cukup nyaman . Untuk menu , tampaknya masih perlu peningkatan rasa karena hidangannya masih belum memenuhi pesanan . Orange squash nya kurang nendang soda - nya .","[u'cukup', u'nyaman', u'nya', u'nya']",negative
"Saya Dan keluarga datang kapan sekitar pkl 23.00,sebelumnya sudah ditanya Dan dijawab masih bisa menerima pesanan,setelah kita ada tiga group orang yang dtg,.yg buat saya heran,kelompok yang datang sesudah kami pesanannya datang lebih dulu,walaupun lama juga sekitar 1/2 jam,sedan kan kami sampai 1 jam pun belum _URL_ ditanya jawabannya,sudah di buat,tinggal _URL_ tunggu 15 menit,ditnya lg.dijawab,arangnya habis,msh di pembakaran.sekitar 15 . Lanjutan","[u'heran,kelompok', u'lama']",negative
"Pelayanan kurang aktif dan tidak ramah serta kurang dapat menjelaskan menu makanan yang ada , sehingga tamu merasa tidak diacuhkan dan didiamkan saja .","[u'aktif', u'ramah']",negative
"sebetulnya restoran ini memiliki makanan yang cukup _URL_ sayang pelayanannya _URL_ pelayan yang cuma 2 orang ( 2 orang itu sudah include kasir ! ) membuat mereka terlihat kewalahan dan melayanai dengan tidak maksimal.penyajian makanan yang dipesan juga mengecewakan . baru kali ini saya mengalami sop buntut bakar disajikan langsung dengan sambal langsung dicampur , alhasil anak saya yang tadinya mau makan tidak . Lanjutan","[u'cukup', u'include', u'kewalahan', u'baru', u'langsung', u'langsung']",negative
"Tadi Saya pesan chicken katsu plus kentang goreng . Tp alangkah sayang ternyata alat makan ( sendok dan garpu plastik tipis ) yang diberikan bahkan tidak sanggup menusuk kentang goreng . Coba dipikir apalagi untuk menusuk chicken katsu . Patah deh alat makannya , terus bagaimana saya makannya ? Sesulit itukah untuk menyediakan alat makan yang sesuai ? Atau mungkin kalau ada menu steak dikasih pisau plastik lagi .",[u'tipis'],negative
"Saya melipir ke Ayam Goreng Raos karena terdesak oleh hujan deras , sebelumnya belum pernah mampir ke sini . Nasi ayam bakar dengan tahu tempe dan es kakak perempuan manis Rp 25.000,00 . Agak mahal euy . Cukup enak sih , tapi tidak ada yang spesial baik dari rasa , bumbu , atau cara penyajian . Pantes sepi :(","[u'manis', u'Cukup', u'spesial', u'baik']",negative
"Tadi siang saya mampir bersama keluarga untuk makan siang di d'cost BIP & memesan makanan beserta 1 ( satu ) gelas es kelapa . Namun beberapa saat kemudian yang datang adalah 2 ( dua ) gelas es kelapa . Saya protes ke pelayan dan bilang saya hanya memesan 1 ( gelas ) saja , namun beberapa saat kemudian yang menerima order bersikeras bahwa saya memberikan 2 buah kartu es . Lanjutan",[u'bersama'],negative
"Seafood beraneka macam , boleh coba gurame goreng garing dan Cuma miscall telor asin , hanya saja meskipun harga kaki lima tapi rasa agak kurang enak dan makanan bukan fresh seafood","[u'garing', u'asin']",negative
"Untuk khas dari resto ini menurut saya tidak ada , porsinya kecil dan rasanya biasa saja . Jangan datang saat jam makan , ramainya bisa seperti pasar . Terakhir kami datang berempat pesan kakap asam manis , fu yung hai , tahu tempe dan sayuran . Tidak ada yang istimewa","[u'khas', u'kecil', u'biasa', u'Terakhir', u'manis']",negative
"Entah pas saya kesini atau kalau yang lain bagaimana , tapi waktu itu saya pesen kepiting asam manis , Cuma miscall tepung , kerang bambu saus tiram kok dingin iya , mana enak makan seafood sudah dingin begitu . padahal taste nya menurut saya enak dengan harga yang lumayan terjangkau","[u'pas', u'lain', u'manis', u'dingin', u'dingin', u'nya', u'lumayan']",negative
"Saya datang pada hari jum'at tanggal 28/11/2014 , saya beserta rombongan tidak mendapatkan service yang baik , karena waiter tidak mengulang pesanan yang kami pesan , sehingga terjadi kesalah pahaman dalam pemesanan . dan kami harus membayar dengan jumlah yang mahal . belum semua pesanan kami datang , kami diharuskan membayar bill yang di berikan waiter . untuk menu yang kami pesan . Lanjutan",[u'baik'],negative
"Sudah setahun setelah terakhir bandung akhirnya saya makan di ' cost lagi . di ' cost adalah tempat makan favorit saya karena masakannya enak , bersih dan harganya murah . Tapi setelah makan di di ' cost BIP kemarin , yang saya dapati adalah menu-menu yang "" tidak ada "" atau "" habis"" . Akhirnya saya dan keluarga hanya makan udang , tom yum dan sayur . Rasanya jauh dari enak . Tomyumnya tidak . Lanjutan","[u'terakhir', u'favorit', u'bersih', u'murah', u'jauh']",negative
"rasanya sih kok harga kaki lima dan rasanya iya tidak jauh dari situ iya . Tempatnya saja sih bentuknya restoran , kalau soal rasa . iya gitulah .",[u'jauh'],negative
"Kali ini kamar nya bagus tapi sayang signal wif tidak sampai dalam kamar dan suara tv nya yang berbayang , semoga di perbaiki lagi iya .","[u'signal', u'iya']",negative
"Saya waktu itu lyat banner menu baru dari hokben , namanya hot chicken steak Karena sudah malam jadi memutuskan untuk takeaway , dan disuruh menunggu katanya 15 menit tapi lamma bahkan maw setengah jam Fyi , paket ini terdiri dari nasi , hot chicken , sayuran , ocha dan miso soup Ternyata pas sampai rumah kok miso soupnya tidak ada ? apakah kalau takeaway jadi tidak dapat . Lanjutan","[u'baru', u'jadi', u'lamma', u'pas', u'jadi']",negative
Pilihan menunya banyak . Masakannya biasa saja rasanya . Kwetiau gorengnya kurang enak dan banyak minyak . Porsi kailan cah sapinya sedikit untuk harga segitu .,"[u'banyak', u'biasa', u'banyak', u'sedikit']",negative
Saya tadinya penasaran dengan tempat ini karena di tempatnya banyak sekali foto-foto kunjungan para artis ke tempat ini tapi pas saya pesan makanan unggulan di tempat ini saya rasa tidak setinggi pemikiran saya yang ada biasa saja dan keras . Jadi aneh bagi saya tempat ini bisa sebegitu terkenalnya,"[u'penasaran', u'banyak', u'pas', u'biasa', u'keras', u'Jadi', u'aneh']",negative
Batagor riri memang hadir sejak dulu . Bahkan dari harga per potongnya 250 rupiah pun saya pernah rasa . Sayangnya makin lama batagor riri makin tenggelam dibanding competitor sejenis . Memang lebih baik cari opsi lain jika ingin membawa oleh - oleh keluarga karena its not worth for value .,"[u'lama', u'baik', u'lain']",negative
"Batagor Atau Baso Tahu Goreng merupakan Kudapan yang diyakini khas Bandung.Namun ternyata merasakan Batagor langsung di Kota Bandung tidak Istimewa sama sekali . Batagor Riri yang digadang - gadang sebagai salah satu Topnya Batagor Bandung ternyata rasanya Biasa saja , Bumbu Kacangnya kental dan cenderung manis . Konsep Kedainya dimodel seperti restoran cepat saji dan pelayanan yang diberikan sangat minimalis . Anda harus memesan . Lanjutan","[u'khas', u'langsung', u'Istimewa', u'sama', u'gadang', u'salah', u'Biasa', u'kental', u'cenderung', u'manis', u'cepat', u'minimalis']",negative
"Saya makan di Paskal Hypersquare . Saya order sate kambing campur . To be honest , taste nya disaster . Plus harga nya ( Rp 55,000/porsi ) cukup over price . Kecewa berat dan tidak akan repeat .","[u'nya', u'nya', u'cukup', u'berat', u'repeat']",negative
Pesan pasta dengan saus putih tapi sausnya kurang kental dan kurang rasa . Kalau pastanya sih dimasaknya pas tidak terlalu lunak cuma rasa sausnya kurang enak . Salmonnya juga bumbunya tidak enak . Sangat mengecewakan .,"[u'putih', u'kental', u'pas', u'lunak']",negative
"Pada hari sabtu saya mengajak tamu saya dari media Jakarta 4 orang , dengan ekspektasi bahwa ini adalah tempat minum kopi terbaik di Bandung ( rekomendasi dari orang2) . Ternyata pelayanannya kurang baik . Kami memaklumi waktu pelayanan yang terbilang lama dikarenakan sedang rush hour , akan tetapi tanggapan waiter yang bernama angga yang membuat kami kecewa . pada pulul 13.50 kami sudah selesai melakukan order, . Lanjutan","[u'terbaik', u'baik', u'lama', u'kecewa']",negative
Ini kunjungan pertama kami me Noah's barn dago . Sebelumnya kami repeater do Noah's barn cibeureum . Karna kami sangka dsini suasana lbh bagus Dan menu lbh _URL_ saya terkejut dengan sikap pelayan yang tidak ramah . Kami akn duduk di sofa luar atas suggest pelayan _URL_ pelayan pria tidak mengizinkan dengan alasan malas membersihkan . ( mereka ngobrol berdua tapi pelayan pria sengaja . Lanjutan,"[u'ramah', u'akn', u'luar']",negative
"Nasgor cukup enak , tapi ada baiknya tidak terlalu basah berminyak . Tenderloin , welldone tapi saat dicocok garpu , masih ada rembesan darah . Suasana cukup nyaman , toilet perlu perhatian kebersihan , tisue berserak dsb. Parkir saat penuh , krg pas penawaran Valet nya , kalau pada akh ada overcharge dari tarif seharusnya .","[u'cukup', u'cukup', u'nyaman', u'penuh', u'pas', u'nya']",negative
Senin 25 juli 2016 makan siang bersama teman . Begitu duduk lsg dusajikan menu makanan apa adanya . Cuma 3 macam menu dan tidak ada lalapan labu siam . Sdh minta bbrp tambahan menu sama sekali tidak respon . Akhirnya saya hanya makan ala kadarnya yang tentu tidak ada nafsu sm sekali .,[u'sama'],negative
"bandung suki restoran ini sudah tak enak lagi . beda sejak pertama buka , tamu berjubel harus tunggu , kebagian meja , sekrang kosong melompong , makan rasa nya sudah tak enak lagi , saya tidak kepaksa tak kesini .",[u'kosong'],negative
"Entah kenapa rasanya jadi kurang , saus tiram terlalu over rasanya , saus padang juga agak aneh , yang enak cmn gurame saus bali nya.kangkung polos tidak brasa , yang terasi cmn rasa terasi.kerang-kerang _URL_ tidak responsif , susah _URL_ campur kosong . Kecewa sama kunjungan terakhir _URL_ sblmnya dtang ksini enak .","[u'jadi', u'aneh', u'responsif', u'susah', u'kosong', u'sama', u'terakhir']",negative
"Kami melihat beberapa review dari guest comment setelah muter-muter tibalah kami di PARIT SEAFOOD . pesan ini itu sudah pada habis kecuali kepiting , udang , ikan kerapu _URL_ . kami pesanlah udang goreng tepung , dan Cuma miscall saos padang berikut ikan kerapu di buat tomyam Kebersihan bad _URL_ dirty dan tiba lah menu udang + Cuma miscall agak terlambat sekali staff nya karena hampir . Lanjutan",[u'nya'],negative
"Ketika saya training di Bandung , acara makan malam bersama diadakan di caf ini . Dari lokasinya sangat strategis karena berada di jalan Dago , dekat dengan Simpang Dago . Layout dan suasana cafenya juga OK . Tapi makanannya tidak enak . Makanan yang saya pesan tidak saya habiskan sehingga pulang dari caf ini , saya masih kelaparan","[u'training', u'bersama', u'strategis', u'dekat']",negative
"Sempat menjadi favorit namun hilang begitu saja . Makananya begitu tawar , steak tidak lagi menggoda seperti dulu . Ternyata kokinya pindah ke FCL , jadi jika ingin menikmati steak enak ala Suis sebaiknya di FCL saja","[u'favorit', u'jadi']",negative
"Suis Butcher adalah favorit saya selama lebih dari 10 tahun menemani . Akhir Januari lalu kami kembali mencoba dengan menu favorit saya chicken kiev dan sirloin steak . Saya dan mama saya makan berasa sangat hambar , sehingga kami menanyakan pada pelayan mengapa rasanya tidak se enak dulu . Ternyata Suis telah memindahkan chef di Setiabudhi ke FCL , kontan saya juga pindah jadi langganan . Lanjutan","[u'favorit', u'Akhir', u'lalu', u'favorit', u'kontan', u'jadi']",negative
"Dulu waktu saya kecil suka berenang disini sambil makan cemilan . Cemilan yang paling saya suka itu bitterballen dan chicken drumsticknya . Bitterballennya rasanya masih sama tapi chicken drumsticknya rasanya sudah menurun jauh . Sup krim ayamnya juga kurang enak . Cukup kecewa secara overall . Untuk tempat , sangat nyaman untuk bersantai .","[u'kecil', u'sama', u'jauh', u'Cukup', u'kecewa', u'nyaman']",negative
Sate goreng ditawarkn sebagai spesiality oleh pelayan . Ternyata hanya 2 potong iga sapi dengan sedikit sekali daging . Lebih banyak lemak dan urat . Yang lainnya masih ok .,"[u'sedikit', u'banyak', u'ok']",negative
"Beberapa kali mengunjungi mall ini , kesannya mall ini membingungkan dan mahal . Petunjuk di dalam mall juga kurang , dan jalurnya terlalu banyak . Barang - barang branded bisa ditemukan disini , dengan harga yang sesuai dengan brandnya . Untuk kulinernya juga termasuk mahal , dan variasinya kurang banyak . Tapi boleh lah kalau cuma untuk berjalan - jalan .","[u'banyak', u'banyak']",negative
"Nama mall kurang sesuai dengan kenyataan . hanya restaurant saja dan beberapa mahal harga - nya , kalau tidak ada CGV Blitz mungkin makin sepi saja mall ini . Ke sana hanya untuk makan burger saja , yang lain mahal . bisa bisa iooribu habis untuk makan malam saja untuk 1 orang","[u'nya', u'lain', u'iooribu']",negative
"Sesuai rekomendasi , saya mencoba shinmen ramen special dan rasanya menurut saya biasa saja dan kurang cocok di lidah","[u'biasa', u'cocok']",negative
"Saya suka interior design dan live music Menu makanan high class dengan harga mahalnya tapi rasa tak lezat,,,,,ga suka dengan bumbu masakannya",[],negative
"Kalau makanan kembali lagi ke selera masing-masing . Menurut pendapat saya rasa bakso ini biasa saja , tidak ada yang spesial . Saya pikir mengunakan mie telor tapi ternyata menggunakan mie tipis yang biasa untuk mie ayam . Saya dan suami pesan mie yamin dan rasanya terlalu manis bagi kami bahkan setelah ditambahi sambal banyak sekalipun rasa manisnya masih dominan . Untuk pangsit gorengnya dijual . Lanjutan","[u'biasa', u'spesial', u'tipis', u'biasa', u'yamin', u'manis', u'banyak', u'dominan']",negative
"Saya memesan iga bakar , setelah datang ternyata dagingnya masih dingin , seperti baru keluar dari freezer . Setelah memanggil waiternya untuk minta ganti ternyata mereka hanya memanaskannya dengan microwave . Sungguh mengecewakan .","[u'dingin', u'baru']",negative
"Makanan tidak ada yang bisa dipesen , kopi juga tidak ada . pesen onion ring dikasih calamari , chicken katsu tipis banget plus nasi 35 rb tidak worth banget . bawaannya pgn marah . sori tidak bakal balik lagi .",[u'tipis'],negative
Mesen nasi goreng pete tapi pete nya tidak ada terus bumbu nasinya hambar plus kerupuk aci nya melempem.Mesen cireng rasanya asin.Mesen sate ayam pedas banget.Mesen tahu kriuk rasanya pahit .,"[u'nya', u'pedas']",negative
"Cafe yang sudah tua , dengan buku menu yang SANGAT usang bahkan ada 2 lembar menu saya yang hilang pada saat dikasih ( lalu waitress nya carikan buku yang lain lagi , namun ada yang hilang dengan halaman yang berbeda ) Cafe sangat gelap , live music terlalu kenceng , saking kencengnya waitress salah dengar berkalikali ( pertama saya menu A yang datang . Lanjutan","[u'tua', u'lalu', u'lain', u'berbeda', u'saking', u'salah']",negative
"Pertama x coba kesini bareng keluarga,duduk tidak dikasih menu . Lalu menu minta dan menunya sudah hancur banget lepas-lepas begitu buku menunya . Keadaan meja dan kursi agak kotor dan tidak terawat . Waktu lagi lihat menu,waiternya ( cowo ) bilang : agak cepat iya pesennya . Di atas ada yang booking puluhan orangii ! Gak sopan banget very bad attitude . Akhirnya cm psan minuman dan kita langsung . Lanjutan","[u'Lalu', u'banget', u'cepat', u'sopan', u'langsung']",negative
"Rumah makan ini sudah agak lama perlu direnov , meja kotor dan furniture sudah tidak terawat . Untuk ayam goreng terlalu berminyak , meskipun sambal cukup banyak dari sambal mangga , terasi , kecap dan sambal hiaju tapi suasana kurang mendukung","[u'lama', u'cukup', u'banyak']",negative
"Untuk soal rasa , disini memang tidak ada masalah , enak , bervariasi , dan harga terjangkau . Namun pelanannya yang sangat mengecewakan . Saya memesan 3 ikan mas dan beberapa makanan lainnya , pelayan yang mencatat saat itu tidak mengatakan apa - apa . Namun , setelah menunggu selama hampir 1 jam , baru minuman saja yang datang , makanan yang kami pesan , tidak ada satu pun yang datang . Lalu , seorang pelayan . Lanjutan","[u'baru', u'Lalu']",negative
"Bingung deh , selalu saja tidak bisa ikutan kumpul-kumpul karena memang ramai banget Yasudahlah yah kayaknya memang lebih enak aku drive thru saja Berhubung di dago posisinya sumpah ini mcd paling ramai . Baca : RAMEH !","[u'Bingung', u'ramai', u'ramai']",negative
"Kami sekeluarga ke tempat ini karena hari sudah larut malam dan tidak ada resto lain yang buka . Ternyata jam 10 malam pun tempat ini masih macet , parkir penuh dan tempat duduk di dalam resto penuh . Petugas yang tampak kelelahan melayani dengan masam . Ampun . Akhirnya makanan kami bawa ke hotel .","[u'larut', u'lain', u'buka', u'penuh', u'penuh']",negative
Kangkung cah hotplate dan udang kipasnya enak sekali . Fuyunghai juga patut dicoba . Sayang restorannya kotor . Lihat kecoa kecil di dekat piring-piring sayur bersih yang dipakai untuk menyajikan makanan . Dan ada kecoa kecil juga di tempat duduknya . Berharap kebersihan tempat diperbaiki karena rasa sudah pas di lidah orang bandung .,"[u'kecil', u'dekat', u'bersih', u'kecil', u'pas']",negative
+ wifinya kenceng + kakak perempuan nya gelas gede - less cholesterol ( di gambarnya begitu ) - makanan terlalu berminyak - rasanya kurang oke - menunggu 30 - 40 menit buat makanan datang ( sudah dibilangin bakal lama karena lebaran ),"[u'gede', u'lama']",negative
"Penyajian makanan dan minuman terlalu lama.makanan sudah habis tapi minuman belum keluar saja , sampai harus menunggu lama .","[u'lama.makanan', u'lama']",negative
"Positif : - Atmosfir dengan kursi dan meja dengan kayu berkualitas Negatif : - Menu makanan banyak yang tidak tersedia - Harga tidak value for money - Pelayanan kurang memuaskan - Nasi Liwet yang tidak standar , order 2 kuali ( yang satu asin standar , yang satu asin banget )","[u'Negatif', u'banyak', u'asin', u'asin']",negative
"Waktu lihat menu tidak ada harga sudah curiga pasti mahal . Makanannya lumayan , service biasa . Harga selangit tapi restorannya biasa banget , tidak sesuai . Banyak lalat lagi . Saya dan keluarga makan di restaurant-restaurant yang jauh lbh nyaman di ciwalk , dago atau pvj saja tidak semahal itu . G akan balik lagi ke mandarin restaurant . Sangat tidak disarankan makan di sini !","[u'pasti', u'lumayan', u'biasa', u'biasa', u'banget', u'Banyak', u'jauh', u'nyaman']",negative
"Tertarik masuk restoran ini karena ramai , interiornya yang seperti menonjolkan suasana rumah jaman dulu , dan buku menu yang menawarkan menu dengan harga pas di kantong . Setelah saya memesan ternyata kesan pas di kantong menjadi berubah . Menu ikan kembung yang lebih murah ternyata tanpa nasi . Untuk menu satu piring ikan kembung ala rumahan ( beserta lauk lain pelengkapnya ) dan segelas kakak perempuan tarik, . Lanjutan","[u'ramai', u'pas', u'pas', u'murah', u'lain']",negative
"Kunjungan : Sabtu siang 30 Agustus 2014 . Suasana resto ini pada awalnya menarik karena dibuat retro dengan pajangan aneka barang tempo dulu . Menilik daftar makanan yang khas Pasundan , kami pun ( 9 orang ) masuk . Resto sangat ramai di Sabtu siang itu . Pesanan lama , bahkan satu dua menu tercecer sehingga terlambat sampai satu jam sejak pesanan _URL_ melihat ada pengunjung lain . Lanjutan","[u'awalnya', u'menarik', u'khas', u'ramai', u'lama', u'lain']",negative
Positif 1 . Makanan eropanya mantap . Porsi besar . Rasa enak 2 . View bandung _URL_ 3 . Lokasi gampang ditemui . Ga terlalu jauh Negatif : 1 . Parkir terbatas 2 . Harga menengah ke atas,"[u'mantap', u'besar', u'gampang', u'jauh', u'Negatif']",positive
Restoran dunia baru di kota bandumg kamu sekeluarga selalu pesan soup kulit ikan dan bakmie goreng ala orang haka . Jika ke bandung harus voba nya,"[u'baru', u'nya']",positive
Porsi nya memang pas.pangsit basah nya enak Bakso goreng nya enak . Mie nya biasa saja Jus strawberry nya sedap . oya . beli kacang bawang hasil rekomendasi nya kasir . enak itu . bawang putihnya banyak . sedep .,"[u'biasa', u'sedap', u'banyak', u'sedep']",positive
Food nya Smoked chicken & Cheese Sandwich Dring nya Paradise . lumayan pas dan enak . cuma disini viewnya kurang . tapi memang enak buat yang pngn suasana hening santai jauh dari kebisingan .,"[u'lumayan', u'pas', u'cuma', u'hening', u'jauh']",positive
Kita pesen small paha sama punggung plus tongseng . Rasanya oke . Rasa yang kaya begini yang bikin customer balik lagi . Keep up the product quality,"[u'sama', u'kaya']",positive
Menyediakan makanan yang cocok di lidah . aoo ikan yang khas dan enak . Jengkol tumis pepaya juga tidak berasa pahit . Tempat lumayan nyaman untuk menjamu teman ataupun makan bersama keluarga.sayangnya tempat parkir _URL_ harus parkir di bahu jalan .,"[u'cocok', u'khas', u'lumayan', u'nyaman']",positive
"Belom pernah makan makanan sunda yang bikin nagih and kangen kayak begini . Pertama kali makan di Kedai Timbel Dago bnr bnr tidak bisa lupain enaknya semua makanan disini . Dimulai dari nasi timbel nya yang endes banget ! Belom ayam bakarnya yang empuk , sambel my mantepp , tahu nya uenak , sayur asemmya jugaa + eh jeruk yang seger , beh surga dunia banget makan . Lanjutan","[u'kayak', u'uenak']",positive
Lokasi tepat di jalan utama kota Bandung yaitu Jl Juanda . Makanannya khas makanan Indonesia sayur adem karedok tahu tempe ayam goreng . Dan yang paling sedap tentunya Sambel nya . Jika hanya sampai jam 3 siang,"[u'utama', u'khas', u'sedap', u'nya']",positive
"Lokasi tempat makanan ini ada di daerah dago dekat dengan factory outlet yang ada . Bentunknya seperti rumah kuno dan kita makan di garasinya . Favoritnya nasi timbel komplit , rasa juga lumayan enak , sayur asemnya juga enak .","[u'dekat', u'komplit', u'lumayan']",positive
"Untuk nasi timbelnya enak , tapi untuk tempat makannya ada di garasi rumah jaman dulu . Lokasi ada di antara factory outlet yang ada di dago .",[],positive
Kedai spesialis nasi timbel di daerah Dago . Untuk saya nasi timbelnya biasa saja . Namun memang pelayanannya cepat dan cekatan sehingga cocok untuk quick lunch . Parkir sempit dan terbatas .,"[u'biasa', u'cepat', u'cekatan', u'cocok', u'lunch', u'sempit']",positive
"As usual . kalau ke bandung pasti kesini Timbelnya enak lengkap , empalnya si yang rekomen Dtg jam 10 saja sudah banyak yang antri padahal jam buka jam 10 pagi So far OK dan rekomen buat yang suka timbel","[u'pasti', u'lengkap', u'banyak']",positive
"resto ini menjadi tujuan setiap ke bandung , ayam goreng dan gepuk serta nasi timbel nya tidak ada yang mengalahkan . pasti pesan ayam goreng untuk dibawa pulang ke jakarta","[u'gepuk', u'pasti']",positive
"Saya sangat puas makan di sini . Saya datang bersama dengan teman - teman . Tempatnya bagus dan nyaman . Makanan sangat enak , sayur - sayur pelengkapnya segar . Tidak kalah juga , pelayanan dan penyajiannya sangat bagus . Tempatnya tidak susah dicari bagi orang yang baru pertama kali datang dan bukan orang bandung sererti saya .","[u'puas', u'bersama', u'nyaman', u'susah', u'baru']",positive
"Ketika saya berkunjung ke Istana Plaza , pulangnya saya melewati jalan Dr. Radjiman . Saya terkejut dikarenakan saya melihat Bornga buka di Bandung . Saya baru tahu mengenai hal ini . Karena memang saya sedang ngidam untuk makan barbeque Korea , saya pun mengajak teman saya untuk dinner di tempat ini . Temaptnya OK karena terang dan terlihat baru . Jarak antara meja pun luas sehingga kita . Lanjutan","[u'baru', u'terang', u'baru']",positive
"BornGa Restaurant ini baru buka beberapa bulan dan di lantai atasnya ada Tama Boutique Hotel . Berbagai menu hidangan disajikan dari Beef & Pork serta sayuran , rasa dan kombinasi dari menu makanan juga sangat lezat untuk lidah orang Indonesia . Service dari para pelayan restaurant juga sangat baik dan sopan .","[u'baru', u'lezat', u'baik', u'sopan']",positive
"Restoran ini memiliki 2 lantai , dan terletak di gedung yang sama dengan Tama Boutique Hotel . Sensasi ala - ala Korea sudah terasa sejak kita menjejakkan langkah pertama di restoran ini . Sehelai HanBok , pakaian tradisional gadis Korea tergantung sebagai hiasan di tembok . Interiornya pun cukup mewah . Makanan yang disediakan restoran ini adalah makanan Korea . Mereka juga menyediakan barbecue yang pula menyediakan daging non - halal . Lanjutan","[u'sama', u'tradisional', u'cukup', u'mewah']",positive
Walaupun harganya cukup mahal tapi enak pakai banget . Disajiin panas - panas . Porsinya banyak . Tempatnya nyaman dan asyik buat ngobrol .,"[u'cukup', u'panas', u'panas', u'banyak', u'nyaman', u'asyik']",positive
Menu barunya yang cheese omelette enak sekali . Bumbunya yang saus coklat top markotop . Pelayanan juga bagus dan cepat,[u'cepat'],positive
"Salah satu restoran jepang yang agak beda di antara restoan Jepang lainnya yang memang banyak di kawasan di BSM/TSM.Dimana kita disuguhkan makanan memakai hotplet dan mengaduk sediri makanannya , bisa juga dibantu oleh pelayan.Untuk rasa , lumayanlah , terasa banget pepper nya , sesuai dengan nama restonya . Untuk harga agak sedikit mahal karena menurut kami lebih banyak rice nya daripada toppingnya . Terutama menu steak . Lanjutan","[u'Salah', u'jepang', u'banyak', u'nya', u'sedikit', u'banyak', u'nya', u'Terutama']",positive
pepper lunch merupakan restoran jepang unik yang dimana kita harus memasak kaya chef di atas hotplate menu yang harus dicoba adalah the giant steak nikmat namun harga cukup tinggi,"[u'lunch', u'kaya', u'nikmat', u'cukup', u'tinggi']",positive
Tempat mkn yang strategis.berdekatan dengan trans studio bandung . Pelayanan yang ramah dan cepat sehingga tidak perlu mrnunggu waktu yang lama buat mengantri .,"[u'strategis.berdekatan', u'ramah', u'cepat', u'lama']",positive
"amazing , konsep hotel teritegrasi dengan hiburan terbesar dan super mall terbesar di bandung , membuat saya dan kolega dan keluarga merasa nyaman untuk selalu menginap dan melakukan meeting di hotel ini , menu yang bervariatif tidak membuat jenuh","[u'teritegrasi', u'terbesar', u'terbesar', u'nyaman']",positive
kami kebetulan sedang berbelanja di Badung Suer Mal . dan untuk makan melam mampir ke Pepper Lunch . Banyak pilihan makanan yang sedap rasa dan juga penampilannya . Harganya pun masih terjangkau .,"[u'Banyak', u'sedap']",positive
"Begitu saya disuguhkan pesanan saya , aya kaget dengan hot platenya yang dimana saya harus segera mengaduk makanan agar tidak godong karena hot plate tersebut masih panas . makanannya tasty di lidah saya . recommend !","[u'panas', u'recommend']",positive
Pelayanan ramah dan cepat Tempat bersih Meskipun harganya mahal tapi memang diimbangi dengan rasanya yang lezat,"[u'ramah', u'cepat', u'bersih', u'lezat']",positive
"Pepper lunch yang ada di TSM ini konsepnya sedikit terbuka , menurut saya lebih enak daripada yang di PVJ sehingga sambil makan bisa sambil melihat ke sekeliling . Untuk segi makanan , pepper lunch tidak pernah mengecewakan . Selalu berkualitas dari segi rasa dan bahan baku . Para pelayannya pun atraktif dan memberika pelayanan yang bagus , dan selalu menjelaskan kepada pelanggan cara memasak makanannya . Bahkan . Lanjutan","[u'lunch', u'sedikit', u'terbuka', u'lunch']",positive
"Sebenarnya sama saja dengan restaurant pepper lunch lainnya . Hanya saja karena restaurant ini mempunyai area tempat duduk sendiri , sehingga pada saat ramai , lebih mudah mencari tempat duduk","[u'sama', u'lunch', u'sendiri', u'ramai', u'mudah']",positive
"Makan disini sangat terjangkau , menu yang variatif , selain itu harga yang terjangkau untuk kelas kawasan superblok ini . Tiap ke supermall selalu pepper lunch jadi pilihan utama untuk makan .","[u'Tiap', u'lunch', u'jadi', u'utama']",positive
"Fasilitas tempat bermain anak , meski terbatas . Nasi bakar tunanya endess pedas dan sangat terasa bumbu serta menyatu . Price so - so .","[u'bermain', u'pedas']",positive
"Tempatnya luas , nyaman dan tenang , tidak jauh dari jalan juanda(dago) , tepatnya di belakang RS Borromeus . Cocok untuk semua usia , bahkan anak - anak , dengan disediakannya berbagai wahana permainan untuk anak . Menunya beragam , harga lumayan mahal . Saya suka steaknya ( chicken maupun beef).yummy .","[u'luas', u'nyaman', u'tenang', u'jauh', u'Cocok', u'lumayan']",positive
"tempatnya bagus banget , selain saussage nya yang enak tempat main anak nya pun bagus , ada tree house nya yang tentunya anak - anak alan suka , ada mini playing fonya dan tentunya semua permainan yang disediakan ini gratis , jadi tak perlu khawatir kesini membawa anak . harga lumayan lah iya worth it","[u'mini', u'jadi', u'khawatir', u'lumayan']",positive
"Restaurant wajib yang harus didatengin kalau ke bandung terutama bila membawa anak . Tempatnya hommy banget karena berupa rumah , dekorasi resto nya bertema shabby chic , terlihat dari warna piring - piring yang tersusun di tangga pintu masuk resto dan dinding di dalam resto . Buat anak - anak tidak bakal bosen makan disini karena ada berbagai permainan seperti rumah pohon , ayunan , perosotan , dan yang paling favorit . Lanjutan","[u'terutama', u'dekorasi', u'nya', u'favorit']",positive
Suasana cafe nyaman untuk bersama pasangan . Cafe ini juga menyediakan tempat Bermain untuk anak - anak . Makanan yang disediakan banyak variasinya Dan enak .,"[u'nyaman', u'Bermain', u'banyak']",positive
"SESUAI namanya , kafe ini mempunyai rumah pohon . Rumah ini dibuat sekitar tiga meter tinggi menempel di pohon . Tentu ini adalah rumah main anak anak . Di situ memang sediakan lahan untuk tempat main . Mereka main sambil menaiki tangga ke rumah mungil itu . Di sampingnya ada kolam ikan koi . Kafe ini berbentuk rumah tinggal . Bagian depan dibuat atap dari plastik transpran untuk . Lanjutan","[u'tinggi', u'sediakan']",positive
"Saya dan adik saya kesini untuk sarapan dan merasakan bahwa tempatnya sangat nyaman apalagi untuk yang bawa keluarga . Ada taman bermain anak yang bikin makin betah untuk berlama - lama disini . Suasana restoran juga cukup rindang banyak pepohonan . Kalau makanan biasa saja menurut saya , yang cukup spesial adalah pancake duriannya .","[u'nyaman', u'bermain', u'lama', u'cukup', u'rindang', u'banyak', u'biasa', u'cukup', u'spesial']",positive
"Cafe ini letaknya dekat dengan Universitas Padjajaran Dipati Ukur . Waktu itu lagi jalan - jalan sendirian di Bandung , karena lapar dan pas banget lewat daerah sini terus lihat ada cafe yang lucu , homey , dan sepertinya suasananya calm makanya langsung mampir . Pertama kali masuk , kesan pertamanya ornamen dari cafe tersebut lucu banget , ditambah ada rumah pohon untuk anak - anak langsung jatuh cinta banget . Pas . Lanjutan","[u'dekat', u'pas', u'lucu', u'langsung', u'lucu', u'banget', u'langsung']",positive
Kafe yang terletak di daerah dago ( tepatnya daerah Teuku Umar ) ini menawarkan suasanya yang tenang dan nyaman . Akses mudah dicapai . Pilihan makanan dan minuman sangat beragam untuk makan siang atau makan malam atau sebatas bersantai sambil mengobrol . tersedia wifi dan power plug .,"[u'tenang', u'nyaman', u'mudah']",positive
"Area makan di luarnya menyenangkan . Iganya oke , rasanya enak . Jus orange plus stroberinya nikmat . Harganya pun ok .","[u'luarnya', u'nikmat']",positive
"Terletak di daerah dago , cafe ini menjadi pilihan keluarga karena ada tempat permainan flying fonya mini sehingga anak - anak betah bermain disana . Opsi menu dan rasapun tidak mengecewakan .","[u'mini', u'bermain']",positive
"Cafe dengan suasana yang nyaman , bikin betah dan berasa di rumah sendiri . Area makannya luas , bisa untuk reuni bersama teman atau family . Ada sofa - sofa yang nyaman dan dihiasi wall paper , ada saung - saung dan mini flying fonya untuk anak - anak . Menunya pun lengkap dari menu sarapan , menu tradisional , pasta , steak , burger dan korean . Minuman panas , dingin , juice . Semuanya tersedia . Sayangnya , tidak menyediakan . Lanjutan","[u'nyaman', u'sendiri', u'luas', u'nyaman', u'mini', u'lengkap', u'tradisional', u'panas', u'dingin']",positive
"Enak banget ini mie disini , mau yang mie yamin atau mie biasanya . Pilihannya juga banyak untuk dressing nya mau mie ayam pakai jamur , bakso , tetelan , ceker ayam . Ayamnya pun sudah di cacah-cacah begitu jadi enak . Very recommend for mie ayam + ceker ayam & bakso . Minumnya ada juice strawberry segar tapi yang tidak kuat dengan asamnya better pesan yang lain .","[u'yamin', u'banyak', u'jadi', u'kuat', u'lain']",positive
Sam's Strawberry Corner di Lokasi Dago Atas adalah tempat favorit saya dan keluarga untuk makan Siomay dan Batagor serta jus Strawberry yang yummy banget .,[u'favorit'],positive
"tidak berlebihan , menurut saya disini lah jus stroberi paling enak di bandung . 1-1tahun lebih dan saya masih setia mampir ksini . kalau perut lagi gerilya minta diisi juga boleh ditambahin ma mie yamin nya , rekomended juga kok .","[u'setia', u'nya']",positive
pilihan makanannya banyak dan enak enak banget terutama mie yamien asin dengan bakso dan babat dan minuman juice nya fresh banget,"[u'banyak', u'terutama', u'asin']",positive
"Kesini selalu dengan pesanan yang sama , jus strawberry susu , minuman signature dari sams dan mie yamin manis dengan ayam yang lembut . It never fails .","[u'sama', u'sams', u'manis', u'lembut']",positive
yang wajib banget dicoba di resto ini ada jus pure strawberry tanpa susu atau gula . asli enak banget.kayaknya 1 gelas saja kurang deh . kalau untuk mie yaminnya sih porsinya banyak _URL_ tidak laper-laper banget tidak perlu pilih menu mie yamin deh kayaknya .,"[u'banget', u'asli', u'banyak', u'kayaknya']",positive
Mie cekernya komplit tapi lumayan pricey Jusnya enak-enak blueberry dan strwbry leci enak banget banyak snack-snack nya juga Tempat std tidak ada playground buat anak-anak,"[u'komplit', u'lumayan', u'banyak', u'nya']",positive
benar - benar one stop kuliner bandung . Mie Ayam Yamien yang maknyus plus batagor ditutup minum juice strawberry _URL_,"[u'benar', u'benar']",positive
Klo ke bandung berhub dekat dkt hotel langganan jadi bareng anak-anak jalan kaki ke sams . Anak-nakku suka banget mie yamin bakso dan jus strawberrynya . Coba rawon mnrt saya kurang rasa iya .,"[u'dekat', u'jadi', u'sams', u'nakku']",positive
"Jus strawberry nya mantap,seger . Mienya juga enak , yang paling mantap soto bandungnya . Mapt yang skarang di dago lebih _URL_ agak sepi iya","[u'mantap', u'_URL_']",positive
"Mie di sini cukup enak dengan tipping ayam suir yang sangat halus apalagi ditemeni dengan jus atau yoghurt strawberry nya yang sangat segar . Namun untuk rasa mie nya , menurut saya masih ada yang lbh enak dibanding ini walau tempt ini memiliki rating yang sangat tinggi . Harganya juga tergolong lumayan mahal .","[u'cukup', u'nya', u'tinggi', u'lumayan']",positive
"Kedai ini menjual mie , dalam bentukan yamin manis dan yamin asin . Minuman terkenalnya jus strawberry . Rasanya enak dan jusnya segar","[u'manis', u'asin']",positive
Saya tahu sam's strawberry dari tahun 201-201 ketika kedainya masih di pinggir jalan dago . Dari dulu mie basonya enak . Yaminnya oke . Jus strawberrynya seger . Harga bersahabat .,[],positive
"Saya sudah mengenal tempat ini sejak tahun 2000 - an , namun saya baru datang ke tempat ini lagi setelah mereka pindah lokasi . Lokasi yang baru di Dago Atas lebih nyaman daripada lokasi yang lama di depan sebuah outlet sepatu di Jl. Dago , dengan rasa makanan dan minuman yang masih tetap sama uenaknya seperti dahulu . Jus strawberrynya banyak , pekat , dan segar . Walaupun judulnya . Lanjutan","[u'baru', u'baru', u'nyaman', u'lama', u'tetap', u'sama', u'uenaknya', u'dahulu', u'banyak']",positive
"Lupakan diet untuk menikmati sepiring yamin manis pangsit - ceker ! enak dan enak . Selain itu chinese food juga disediakan , walaupun memakan waktu persiapan lebih lama daripada sepiring yamin manis , jadi tidak terlalu direkomendasikan apabila datang sudah dalam kondisi lapar . Namun makanan nya enak , termasuk kangkung ca hot plate nya .","[u'manis', u'lama', u'manis', u'jadi', u'nya']",positive
"Menjadi pengalaman yang sangat menyenangkan ketika mengunjungi restoran ini , nuansa mewah sangat kerasa ketika memasuki restoran . Desain Klasik Modern yang apik menciptakan suasana nyaman dan betah berlama lama bercengkrama dengan kerabat , makanan pun bervariasi mulai dari lokal hingga internasional , servis hebat tak pernah terlupakan , pelayan yang sigap .","[u'mewah', u'kerasa', u'Modern', u'nyaman', u'lama', u'internasional', u'hebat', u'sigap']",positive
"Breakfast di Saffron Restaurant , dengan variasi makanan yang sangat enak dan luar biasa , dilengkapi area smoking dan non area . Terimakasih buat Bpk . Agus ( F&B manager ) dan team dengan pelayanan yang ramah .","[u'luar', u'biasa', u'ramah']",positive
Harga cukup terjangkau untuk resto thailand.Greenteanya sangat _URL_ oke kalau beli paketan karena jadi lbh murah di banding satuan.Dagingnya enak dan sayuranyapun _URL_ mulai dari grb _URL_ coba karena beda dari yang _URL_ penyuka pedas ada sambal 4 rasa free,"[u'cukup', u'jadi', u'murah', u'pedas']",positive
Saya suka makan di sini . Rasanya yang enak dengan harga yang cukup sebanding dengan rasa . 60 - 80rb/orang . Tapi sering kali saya menjadi waiting list karena saya makan di tempat ini pas jam makan . apalagi kalau weekend nunggunya bisa lebih lama lagi . Hhe . Tapi karena ini salah satu tempat makan favorit saya jadi saya rela untuk menunggu wlpn agal lama . kalau saya . Lanjutan,"[u'cukup', u'sering', u'pas', u'lama', u'salah', u'favorit', u'jadi', u'rela', u'lama']",positive
"Service nya oke , pilihannya banyak dan jauh lebih enak dari suki lain . Tiap kesini selalu makan banyak , pilihan saus nya juga oke , mungkin dessert nya perlu ditambah lagi . But over all good","[u'banyak', u'jauh', u'lain', u'Tiap', u'banyak', u'oke', u'nya']",positive
"Berkumpul dengan teman sambil makan , memiliki 2 lantai , makanan dan tempat bersih yang berada dalam Ciwalk",[u'bersih'],positive
"Hallo kali ini saya mengunjungi Raa Cha Suki and Barbeque di Bandung , di restoran ini suasananya sangat nyaman , makanannya enak , dan kita bisa masak sendiri , bisa kita atur makanan tingkat kematangannya ingin seperti apa .","[u'nyaman', u'sendiri']",positive
Kami sekeluarga dinner du Raa cha & barbeque . Macam - macam beef . Prawn . Chiken juga baso sapi . Cumi ikan dan sayuran . Makanan umum nya okok Daging di bakar juga okok Tidak ada yang sepecial . Pelayanan ok,[u'umum'],positive
"Kedua kalinya kesini dan suka banget sama dagingnya berasa bumbunya , terus green thai tea nya enak , pilihannya lumayan banyak , harganya menyesuaikan . cuma tempat duduknya kurang tinggi jadi susah buat mengambil suki nya dan takut tumpah juga . Pelayanan bagus .","[u'sama', u'lumayan', u'banyak', u'tinggi', u'jadi', u'susah', u'nya']",positive
pertama kali makan disini bener-bener bikin lupa diri . harga murah buat saya kalap ambil banyak makanan tertawa,"[u'murah', u'banyak']",positive
"Ini suki and barbeque versi murah meriah . Lumayan banget , harganya tidak begitu mahal tapi kita cukup puas . Pilihan menunya lumayan banyak . Kita makan sampai kenyang banget juga paling cuma iooribuan untuk berdua .","[u'murah', u'Lumayan', u'banget', u'cukup', u'puas', u'lumayan', u'banyak', u'kenyang']",positive
"rasa kuah tom yum nya enak , tapi sayang porsi makanan terlalu sedikit dan harganya mahal . sehingga kurang puas rasanya","[u'sedikit', u'puas']",positive
"Ini salah satu tempat makan bbq & suki favorit aku di Bandung . Bumbu daging bbqnya meresap . Klo untuk sukinya ada 2 jenis kaldu , ayam dan tom yam . Yang ayamnya top banget , enak dan gurih","[u'salah', u'favorit', u'yam']",positive
"makan siang menuju sore di ciwalk . karena weekend jadi suasananya ramai . konsep raa cha disini adalah kita pesan mau kuah kaldu/ramyun , terus ambil suki dan sayurnya _URL_ tertera harganya disana . pilihan suki nya banyak dan enak"" . saya dan sodara mengambil beberapa jenis suki dan semuanya enak , kami mendapat tempat di atas dengan view menghadap ke jalan harga di raa . Lanjutan","[u'jadi', u'ramai', u'banyak']",positive
